,brewery_id,brewery_id,brewery_id,brewery_id,brewery_id,brewery_id,brewery_id,brewery_id,Unnamed: 0,Unnamed: 0,Unnamed: 0,Unnamed: 0,Unnamed: 0,Unnamed: 0,Unnamed: 0,Unnamed: 0,abv,abv,abv,abv,abv,abv,abv,abv,ibu,ibu,ibu,ibu,ibu,ibu,ibu,ibu,id,id,id,id,id,id,id,id,ounces,ounces,ounces,ounces,ounces,ounces,ounces,ounces
,count,mean,std,min,25%,50%,75%,max,count,mean,std,min,25%,50%,75%,max,count,mean,std,min,25%,50%,75%,max,count,mean,std,min,25%,50%,75%,max,count,mean,std,min,25%,50%,75%,max,count,mean,std,min,25%,50%,75%,max
style,,,,,,,,,,,,,,,,,,,,,,,,,,,,,,,,,,,,,,,,,,,,,,,,
Abbey Single Ale,2.0,57.0,0.0,57.0,57.0,57.0,57.0,57.0,2.0,716.5,3.5355339059327378,714.0,715.25,716.5,717.75,719.0,2.0,0.049,0.0,0.049,0.049,0.049,0.049,0.049,2.0,22.0,0.0,22.0,22.0,22.0,22.0,22.0,2.0,2196.0,436.9919907732864,1887.0,2041.5,2196.0,2350.5,2505.0,2.0,12.0,0.0,12.0,12.0,12.0,12.0,12.0
Altbier,13.0,220.0,137.47120910697384,25.0,122.0,200.0,270.0,490.0,13.0,1124.1538461538462,703.3425962447517,89.0,575.0,1070.0,1519.0,2274.0,13.0,0.05438461538461539,0.0068985319880206074,0.046,0.05,0.052,0.055,0.072,8.0,34.125,8.339878382121135,18.0,29.75,36.5,40.0,43.0,13.0,1480.923076923077,763.2096109565251,502.0,936.0,1248.0,2339.0,2605.0,13.0,13.538461538461538,2.0254787341673337,12.0,12.0,12.0,16.0,16.0
American Adjunct Lager,18.0,163.0,89.90321593410393,38.0,131.0,131.0,149.75,473.0,18.0,1684.2777777777778,489.6117075632552,507.0,1372.25,1994.5,2001.75,2222.0,18.0,0.048722222222222236,0.0043087538195079305,0.039,0.047,0.0485,0.050749999999999997,0.055,11.0,11.0,3.7682887362833544,8.0,9.0,9.0,12.0,19.0,18.0,1714.0555555555557,822.1450045440475,97.0,1099.25,2167.0,2273.75,2369.0,18.0,13.333333333333334,3.0678599553894816,12.0,12.0,12.0,12.0,24.0
American Amber / Red Ale,133.0,248.04511278195488,158.26564093616201,4.0,101.0,219.0,375.0,552.0,133.0,1146.6992481203008,656.2511296955633,41.0,572.0,1193.0,1701.0,2409.0,125.0,0.05745599999999997,0.008679326568197523,0.035,0.052,0.055,0.06,0.082,77.0,36.298701298701296,19.630176109262393,15.0,24.0,31.0,42.0,115.0,133.0,1272.3984962406016,791.0921290623417,28.0,677.0,1179.0,1952.0,2660.0,133.0,13.293233082706767,1.8780307016854103,12.0,12.0,12.0,16.0,16.0
American Amber / Red Lager,29.0,305.9655172413793,169.8372083493528,35.0,129.0,390.0,439.0,533.0,29.0,1324.6206896551723,759.3117849075618,62.0,751.0,1415.0,2014.0,2381.0,28.0,0.04946428571428572,0.0046386631443979375,0.04,0.046,0.049,0.05425,0.057,16.0,23.25,9.391485505499118,8.0,18.0,23.0,26.0,45.0,29.0,1154.4137931034484,723.0348498438163,65.0,514.0,1207.0,1598.0,2588.0,29.0,13.241379310344827,2.6410924743613347,12.0,12.0,12.0,12.0,24.0
American Barleywine,3.0,317.0,47.50789408087881,274.0,291.5,309.0,338.5,368.0,3.0,1206.0,1034.7584259139908,21.0,843.5,1666.0,1798.5,1931.0,3.0,0.09900000000000002,1.6996749443881478e-17,0.099,0.099,0.099,0.099,0.099,2.0,96.0,5.656854249492381,92.0,94.0,96.0,98.0,100.0,3.0,1368.3333333333333,472.31804256595296,1036.0,1098.0,1160.0,1534.5,1909.0,3.0,10.799999999999999,2.0784609690826525,8.4,10.2,12.0,12.0,12.0
American Black Ale,36.0,261.8611111111111,156.1748384302995,10.0,130.75,255.5,393.25,530.0,36.0,1089.861111111111,697.2614657266682,35.0,517.25,904.5,1778.5,2154.0,35.0,0.06897142857142857,0.012566261352118533,0.05,0.06,0.068,0.0735,0.099,20.0,68.9,21.361302936803614,9.0,62.5,73.0,81.25,100.0,36.0,1562.4166666666667,641.564933803052,173.0,1187.5,1598.5,2033.25,2631.0,36.0,13.88888888888889,2.0252375913920075,12.0,12.0,12.0,16.0,16.0
American Blonde Ale,108.0,253.22222222222223,152.42742004003844,13.0,126.0,227.5,385.25,550.0,108.0,1107.2314814814815,622.8226762911394,40.0,639.75,1042.5,1685.75,2378.0,104.0,0.04963461538461536,0.00494053511568085,0.035,0.047,0.05,0.05225,0.065,61.0,20.983606557377048,7.281235708492272,8.0,17.0,20.0,23.0,50.0,108.0,1320.5277777777778,715.194287155639,44.0,726.25,1288.0,1912.0,2632.0,108.0,13.185185185185185,2.0650548097460057,12.0,12.0,12.0,16.0,24.0
American Brown Ale,70.0,238.92857142857142,166.684838553861,5.0,80.25,213.5,377.25,551.0,70.0,1226.8285714285714,707.9052784305353,44.0,622.0,1229.5,1846.5,2389.0,68.0,0.057926470588235295,0.00970661595652575,0.04,0.051,0.055,0.06425,0.095,38.0,29.894736842105264,12.326174027048802,10.0,22.0,26.0,33.0,65.0,70.0,1282.9857142857143,792.5112442462433,16.0,671.0,1156.5,1820.25,2656.0,70.0,13.405714285714286,2.0898571974156663,12.0,12.0,12.0,16.0,19.2
American Dark Wheat Ale,7.0,250.71428571428572,156.84356780532877,74.0,119.5,282.0,327.5,505.0,7.0,1720.7142857142858,526.6050747589742,939.0,1396.0,1655.0,2211.0,2237.0,6.0,0.05233333333333332,0.008115828156551042,0.04,0.047,0.0555,0.058,0.06,5.0,27.6,15.15915564930976,9.0,18.0,25.0,43.0,43.0,7.0,1023.7142857142857,700.3988659532306,121.0,698.0,846.0,1278.5,2246.0,7.0,13.142857142857142,1.9518001458970662,12.0,12.0,12.0,14.0,16.0
American Double / Imperial IPA,105.0,213.57142857142858,143.5778304843523,1.0,98.0,175.0,317.0,531.0,105.0,1272.7904761904763,735.1915069092554,3.0,594.0,1377.0,1957.0,2398.0,103.0,0.08736893203883495,0.007015375678258487,0.069,0.082,0.087,0.092,0.099,75.0,93.32,17.530791443875223,30.0,85.0,91.0,102.0,138.0,105.0,1462.009523809524,764.109178355349,4.0,805.0,1513.0,2063.0,2686.0,105.0,14.163809523809524,2.8693045193754605,12.0,12.0,12.0,16.0,32.0
American Double / Imperial Pilsner,2.0,324.5,3.5355339059327378,322.0,323.25,324.5,325.75,327.0,2.0,1660.5,928.4312036979369,1004.0,1332.25,1660.5,1988.75,2317.0,2.0,0.0775,0.0035355339059327407,0.075,0.07625,0.0775,0.07875,0.08,1.0,85.0,,85.0,85.0,85.0,85.0,85.0,2.0,1468.0,28.284271247461902,1448.0,1458.0,1468.0,1478.0,1488.0,2.0,14.0,2.8284271247461903,12.0,13.0,14.0,15.0,16.0
American Double / Imperial Stout,9.0,190.22222222222223,176.58976313604492,5.0,10.0,206.0,309.0,426.0,9.0,1075.7777777777778,827.5454334623837,134.0,438.0,833.0,1927.0,2281.0,9.0,0.09366666666666665,0.006403124237432851,0.08,0.092,0.095,0.099,0.099,3.0,62.0,19.924858845171276,50.0,50.5,51.0,68.0,85.0,9.0,1664.0,799.1263980122294,552.0,1031.0,1425.0,2562.0,2657.0,9.0,15.02222222222222,2.4908722256359206,12.0,12.0,16.0,16.0,19.2
American IPA,424.0,229.35849056603774,152.78430468319408,0.0,94.0,207.0,345.0,556.0,424.0,1209.3608490566037,707.3503814599404,2.0,639.0,1164.0,1846.5,2399.0,417.0,0.06452757793764997,0.008799302427241064,0.027,0.061,0.065,0.07,0.094,301.0,67.63455149501661,16.052601104333192,30.0,60.0,69.0,75.0,135.0,424.0,1484.117924528302,742.6979539734469,10.0,880.5,1593.0,2090.75,2692.0,424.0,13.581132075471697,2.415321981777792,12.0,12.0,12.0,16.0,32.0
American India Pale Lager,3.0,2.0,0.0,2.0,2.0,2.0,2.0,2.0,3.0,1121.0,1.0,1120.0,1120.5,1121.0,1121.5,1122.0,3.0,0.06266666666666666,0.012096831541082702,0.049,0.058,0.067,0.0695,0.072,3.0,63.333333333333336,17.559422921421234,45.0,55.0,65.0,72.5,80.0,3.0,2670.0,1.0,2669.0,2669.5,2670.0,2670.5,2671.0,3.0,13.333333333333334,2.3094010767585034,12.0,12.0,12.0,14.0,16.0
American Malt Liquor,1.0,134.0,,134.0,134.0,134.0,134.0,134.0,1.0,1361.0,,1361.0,1361.0,1361.0,1361.0,1361.0,1.0,0.099,,0.099,0.099,0.099,0.099,0.099,0.0,,,,,,,,1.0,2361.0,,2361.0,2361.0,2361.0,2361.0,2361.0,1.0,24.0,,24.0,24.0,24.0,24.0,24.0
American Pale Ale (APA),245.0,244.42448979591836,155.40180407339966,1.0,124.0,192.0,372.0,556.0,245.0,1204.6857142857143,675.1903581006853,1.0,658.0,1231.0,1733.0,2408.0,239.0,0.05457740585774057,0.006322003057094735,0.037,0.051,0.055,0.058,0.073,153.0,44.94117647058823,11.54296054227404,16.0,36.0,44.0,54.0,68.0,245.0,1364.8408163265306,753.878068781348,1.0,755.0,1287.0,1962.0,2683.0,245.0,13.198367346938776,2.3984962390559357,12.0,12.0,12.0,16.0,32.0
American Pale Lager,39.0,270.94871794871796,160.12757228599898,2.0,134.0,269.0,392.5,554.0,39.0,1199.2564102564102,497.49497315358917,0.0,905.0,1364.0,1453.0,2391.0,37.0,0.051216216216216214,0.008162022948915213,0.038,0.047,0.05,0.055,0.072,16.0,26.75,18.29571898924263,12.0,15.0,18.5,29.0,75.0,39.0,1471.6666666666667,761.3627440781271,61.0,907.0,1528.0,2192.5,2672.0,39.0,13.333333333333334,2.4850429767895825,12.0,12.0,12.0,16.0,24.0
American Pale Wheat Ale,97.0,215.41237113402062,157.01112968627672,4.0,80.0,143.0,336.0,541.0,97.0,1142.7731958762886,608.575805076126,49.0,742.0,1083.0,1625.0,2323.0,95.0,0.04841052631578946,0.006415564081669065,0.039,0.0445,0.048,0.0515,0.068,61.0,20.688524590163933,11.326283567594093,6.0,14.0,20.0,22.0,64.0,97.0,1443.3092783505156,789.4557112448945,35.0,816.0,1329.0,2360.0,2661.0,97.0,13.402061855670103,1.9184400879709604,12.0,12.0,12.0,16.0,16.0
American Pilsner,25.0,229.48,140.96427443386733,1.0,139.0,181.0,363.0,536.0,25.0,1237.52,770.485513599488,76.0,595.0,1349.0,1664.0,2394.0,24.0,0.04862500000000002,0.006170141989769202,0.028,0.04575,0.05,0.0505,0.063,14.0,23.285714285714285,8.887576215651318,9.0,17.75,21.5,28.0,45.0,25.0,1747.76,725.5374605536689,41.0,1195.0,2144.0,2306.0,2679.0,25.0,12.48,1.32664991614216,12.0,12.0,12.0,12.0,16.0
American Porter,68.0,185.75,136.63114906756215,0.0,71.25,165.0,250.25,528.0,68.0,1168.9705882352941,694.6512701937128,7.0,612.0,1030.0,1738.25,2383.0,65.0,0.059600000000000014,0.008565556023983501,0.037,0.055,0.058,0.065,0.082,39.0,31.923076923076923,11.701067462290993,11.0,24.5,31.0,35.0,65.0,68.0,1652.8529411764705,713.7925043350845,32.0,1056.5,1781.0,2253.75,2688.0,68.0,13.764705882352942,2.000877770505285,12.0,12.0,12.0,16.0,16.0
American Stout,39.0,252.6153846153846,141.22501928792394,8.0,155.5,264.0,376.5,477.0,39.0,1150.6153846153845,689.0608641433113,23.0,504.0,1229.0,1712.5,2404.0,37.0,0.06335135135135136,0.008835585298528195,0.05,0.058,0.061,0.068,0.085,16.0,41.3125,14.627457058559427,15.0,33.5,40.0,48.75,69.0,39.0,1503.3333333333333,583.3825743628065,371.0,1055.0,1538.0,1977.5,2639.0,39.0,14.256410256410257,2.0094244884117645,12.0,12.0,16.0,16.0,16.0
American Strong Ale,14.0,193.42857142857142,124.16038900471519,32.0,80.0,190.5,277.0,424.0,14.0,1364.5,689.9939520359246,239.0,1068.25,1353.0,1856.25,2402.0,13.0,0.07653846153846153,0.004771711513621792,0.07,0.073,0.077,0.08,0.084,12.0,65.41666666666667,19.528339934722066,17.0,66.0,70.0,72.0,90.0,14.0,1609.642857142857,607.7252171503496,585.0,1075.25,1606.5,2098.0,2595.0,14.0,14.0,2.0754980866510833,12.0,12.0,14.0,16.0,16.0
American White IPA,11.0,242.27272727272728,154.64610626141928,43.0,92.5,275.0,325.5,489.0,11.0,1530.2727272727273,701.0509383645516,320.0,1037.5,1603.0,2265.5,2302.0,11.0,0.05963636363636365,0.006932138591700649,0.042,0.06,0.06,0.062,0.07,6.0,48.833333333333336,13.644290625263984,33.0,41.25,45.0,56.25,70.0,11.0,1657.4545454545455,449.6386023544606,692.0,1525.0,1682.0,1893.5,2424.0,11.0,12.727272727272727,1.6180796699117808,12.0,12.0,12.0,12.0,16.0
American Wild Ale,6.0,65.83333333333333,103.3274729520986,1.0,10.0,30.5,51.0,272.0,6.0,1275.1666666666667,1060.6668499895086,79.0,430.75,1289.5,2245.0,2285.0,6.0,0.07216666666666667,0.011125046816380893,0.06,0.06575,0.07050000000000001,0.0745,0.092,2.0,27.0,4.242640687119285,24.0,25.5,27.0,28.5,30.0,6.0,1950.3333333333333,636.2885089852454,909.0,1802.0,1884.5,2401.25,2676.0,6.0,17.066666666666666,1.652472894381831,16.0,16.0,16.0,18.4,19.2
Baltic Porter,6.0,215.5,191.5638274831655,46.0,66.25,155.5,322.0,522.0,6.0,1371.1666666666667,847.4966469943505,19.0,902.5,1685.0,1866.75,2269.0,6.0,0.08516666666666667,0.011940128419186565,0.07,0.079,0.082,0.09475,0.1,3.0,54.0,30.04995840263344,25.0,38.5,52.0,68.5,85.0,6.0,1497.1666666666667,821.0250706687748,346.0,1065.75,1398.0,2083.5,2574.0,6.0,13.333333333333334,2.065591117977289,12.0,12.0,12.0,15.0,16.0
Belgian Dark Ale,11.0,59.63636363636363,112.21075949058782,10.0,10.0,10.0,26.0,368.0,11.0,602.6363636363636,620.9235496785852,36.0,406.5,420.0,429.5,2037.0,10.0,0.0745,0.016621605752085985,0.052,0.06275,0.067,0.08825,0.099,3.0,29.666666666666668,10.115993936995679,18.0,26.5,35.0,35.5,36.0,11.0,1724.2727272727273,767.354428006914,11.0,1547.5,1977.0,2153.5,2416.0,11.0,15.636363636363637,1.2060453783110545,12.0,16.0,16.0,16.0,16.0
Belgian IPA,18.0,98.27777777777777,155.77087455451075,10.0,10.0,25.5,67.25,530.0,18.0,932.8888888888889,729.529089763018,13.0,414.5,456.0,1607.25,2405.0,17.0,0.07135294117647059,0.013462638933686943,0.05,0.065,0.07,0.08,0.097,3.0,57.0,10.583005244258363,45.0,53.0,61.0,63.0,65.0,18.0,1849.7777777777778,750.5730011566893,384.0,1448.0,2033.0,2492.5,2541.0,18.0,16.22222222222222,3.2094631318604123,12.0,16.0,16.0,16.0,24.0
Belgian Pale Ale,24.0,177.16666666666666,159.57870258540325,1.0,24.25,187.0,262.0,522.0,24.0,1263.4166666666667,745.9540093450607,75.0,626.5,1317.5,1903.0,2370.0,23.0,0.06117391304347828,0.014092719506291323,0.04,0.05,0.06,0.069,0.09,8.0,23.875,7.3375258578274,13.0,20.0,21.0,30.25,35.0,24.0,1641.4583333333333,863.0282366868657,43.0,980.0,2002.5,2285.0,2680.0,24.0,14.5,4.22209509089051,12.0,12.0,12.0,16.0,32.0
Belgian Strong Dark Ale,6.0,195.0,158.7828706126703,10.0,57.25,202.0,329.5,375.0,6.0,884.1666666666666,559.4970658248948,52.0,533.5,991.0,1274.5,1521.0,6.0,0.08383333333333333,0.00796031825159438,0.07,0.08125,0.08549999999999999,0.089,0.092,1.0,72.0,,72.0,72.0,72.0,72.0,72.0,6.0,1532.5,726.1024032462639,627.0,944.0,1650.0,2080.75,2335.0,6.0,14.666666666666666,2.065591117977289,12.0,13.0,16.0,16.0,16.0
Belgian Strong Pale Ale,7.0,182.0,185.0846653111309,10.0,44.0,164.0,244.0,524.0,7.0,1569.857142857143,758.1913629534058,404.0,1113.0,1771.0,2136.5,2315.0,7.0,0.08399999999999999,0.008386497083606084,0.075,0.08,0.08,0.087,0.099,2.0,25.0,0.0,25.0,25.0,25.0,25.0,25.0,7.0,1457.142857142857,960.5023735128455,113.0,660.5,1729.0,2302.0,2433.0,7.0,13.714285714285714,2.1380899352993947,12.0,12.0,12.0,16.0,16.0
Berliner Weissbier,11.0,159.72727272727272,136.24176372103446,47.0,53.5,66.0,234.5,410.0,11.0,1165.3636363636363,878.4336369615262,42.0,605.0,873.0,1906.0,2355.0,11.0,0.0439090909090909,0.007892459001534888,0.034,0.0385,0.043,0.05,0.055,5.0,7.8,2.3874672772626644,5.0,6.0,8.0,9.0,11.0,11.0,2232.818181818182,427.72416770199413,1417.0,1984.5,2520.0,2557.5,2573.0,11.0,13.454545454545455,3.6976651109487015,12.0,12.0,12.0,12.0,24.0
Bière de Garde,7.0,50.0,52.0,10.0,10.0,10.0,96.0,118.0,7.0,1121.142857142857,877.4321300574437,393.0,427.0,440.0,1960.0,2241.0,7.0,0.0642857142857143,0.00997854842005733,0.045,0.0625,0.065,0.069,0.077,2.0,23.0,0.0,23.0,23.0,23.0,23.0,23.0,7.0,1439.4285714285713,690.4285763550195,555.0,957.0,1352.0,1856.5,2542.0,7.0,14.285714285714286,2.138089935299395,12.0,12.0,16.0,16.0,16.0
Bock,7.0,229.42857142857142,136.80747682157477,132.0,137.5,143.0,278.5,499.0,7.0,1486.4285714285713,797.2757484381543,358.0,980.0,1428.0,2142.0,2375.0,7.0,0.065,0.010424330514074594,0.054,0.0555,0.065,0.07250000000000001,0.08,3.0,25.0,7.0,18.0,21.5,25.0,28.5,32.0,7.0,1656.4285714285713,826.081080996867,315.0,1126.0,1972.0,2348.5,2359.0,7.0,14.285714285714286,2.1380899352993947,12.0,12.0,16.0,16.0,16.0
Braggot,1.0,282.0,,282.0,282.0,282.0,282.0,282.0,1.0,2185.0,,2185.0,2185.0,2185.0,2185.0,2185.0,1.0,0.075,,0.075,0.075,0.075,0.075,0.075,0.0,,,,,,,,1.0,122.0,,122.0,122.0,122.0,122.0,122.0,1.0,12.0,,12.0,12.0,12.0,12.0,12.0
California Common / Steam Beer,6.0,204.16666666666666,148.99049186665124,21.0,81.25,239.0,283.5,399.0,6.0,717.5,863.2007298421381,100.0,200.0,222.0,1095.25,2182.0,6.0,0.049499999999999995,0.007063993204979743,0.04,0.044,0.053,0.05375,0.056,2.0,41.0,19.79898987322333,27.0,34.0,41.0,48.0,55.0,6.0,1767.3333333333333,671.5485586811029,645.0,1530.25,1910.5,2068.0,2614.0,6.0,14.0,2.1908902300206643,12.0,12.0,14.0,16.0,16.0
Chile Beer,3.0,290.0,147.4720312466062,132.0,223.0,314.0,369.0,424.0,3.0,2133.6666666666665,419.6431023302222,1650.0,2000.0,2350.0,2375.5,2401.0,3.0,0.050333333333333334,0.009073771725877464,0.042,0.0455,0.049,0.0545,0.06,2.0,24.0,5.656854249492381,20.0,22.0,24.0,26.0,28.0,3.0,1825.6666666666667,498.9041324075532,1345.0,1568.0,1791.0,2066.0,2341.0,3.0,13.333333333333334,2.3094010767585034,12.0,12.0,12.0,14.0,16.0
Cider,37.0,312.05405405405406,121.04497464118816,80.0,185.0,338.0,416.0,501.0,37.0,1293.8108108108108,834.0792607499681,15.0,596.0,1317.0,1985.0,2392.0,37.0,0.0605135135135135,0.007981303226992522,0.048,0.051,0.065,0.068,0.069,0.0,,,,,,,,37.0,1592.7027027027027,451.97049220698665,822.0,1341.0,1465.0,1985.0,2483.0,37.0,14.27027027027027,2.0089888093356905,12.0,12.0,16.0,16.0,16.0
Cream Ale,29.0,206.75862068965517,151.4292987249009,3.0,94.0,171.0,331.0,493.0,29.0,1130.3793103448277,711.6242193437843,106.0,554.0,1043.0,1736.0,2349.0,28.0,0.052857142857142866,0.006198651500389454,0.038,0.05,0.0545,0.056,0.063,18.0,20.333333333333332,9.905435228137303,4.0,18.0,20.0,28.0,35.0,29.0,1382.0,752.1808293223113,55.0,753.0,1351.0,2050.0,2663.0,29.0,13.241379310344827,1.883294461723034,12.0,12.0,12.0,16.0,16.0
Czech Pilsener,28.0,239.21428571428572,162.55537111165745,17.0,105.75,178.0,382.75,519.0,28.0,1249.857142857143,579.8184079894206,235.0,943.5,1265.0,1672.5,2227.0,28.0,0.051107142857142865,0.004103650459036086,0.04,0.048,0.05,0.055,0.058,16.0,33.8125,9.253602901933206,21.0,29.5,33.0,35.0,55.0,28.0,1239.857142857143,615.1245410957044,7.0,920.5,1289.0,1499.25,2590.0,28.0,13.542857142857143,2.187409862088471,12.0,12.0,12.0,16.0,19.2
Doppelbock,7.0,142.0,117.03987924350116,10.0,56.5,97.0,236.0,302.0,7.0,1565.4285714285713,774.9126525277665,395.0,976.0,1882.0,2214.5,2300.0,7.0,0.07471428571428572,0.007341986237031632,0.065,0.0695,0.075,0.081,0.082,2.0,24.5,0.7071067811865476,24.0,24.25,24.5,24.75,25.0,7.0,2111.0,435.46029287027613,1510.0,1766.0,2162.0,2474.5,2624.0,7.0,14.285714285714286,2.138089935299395,12.0,12.0,16.0,16.0,16.0
Dortmunder / Export Lager,6.0,136.33333333333334,128.18060175653207,25.0,37.25,119.5,165.0,364.0,6.0,1425.0,795.0813794826288,323.0,933.5,1498.5,2059.75,2238.0,6.0,0.05483333333333334,0.003656045222185671,0.051,0.052,0.0545,0.057,0.06,5.0,23.8,4.08656334834051,17.0,24.0,24.0,27.0,27.0,6.0,1109.0,483.11903295150773,626.0,708.25,1011.5,1526.25,1700.0,6.0,14.666666666666666,2.065591117977289,12.0,13.0,16.0,16.0,16.0
Dubbel,5.0,166.6,225.47461054406992,10.0,11.0,28.0,262.0,522.0,5.0,1719.4,773.1259923194925,405.0,1642.0,2128.0,2152.0,2270.0,5.0,0.0738,0.008348652585896722,0.065,0.069,0.07,0.08,0.085,2.0,21.0,1.4142135623730951,20.0,20.5,21.0,21.5,22.0,5.0,1308.2,1228.0939296324204,25.0,94.0,1403.0,2418.0,2601.0,5.0,14.4,2.1908902300206643,12.0,12.0,16.0,16.0,16.0
Dunkelweizen,4.0,166.5,105.69925890626355,10.0,152.5,207.5,221.5,241.0,4.0,1384.0,720.5280471061947,403.0,1208.5,1497.5,1673.0,2138.0,4.0,0.051,0.007071067811865475,0.041,0.0485,0.0535,0.056,0.056,2.0,16.0,5.656854249492381,12.0,14.0,16.0,18.0,20.0,4.0,1938.75,569.6948744722915,1130.0,1814.75,2080.0,2204.0,2465.0,4.0,14.0,2.309401076758503,12.0,12.0,14.0,16.0,16.0
English Barleywine,3.0,17.0,13.856406460551018,1.0,13.0,25.0,25.0,25.0,3.0,1397.0,1149.2288718962816,70.0,1062.5,2055.0,2060.5,2066.0,3.0,0.10766666666666667,0.015011106998930266,0.099,0.099,0.099,0.112,0.125,3.0,66.66666666666667,11.547005383792516,60.0,60.0,60.0,70.0,80.0,3.0,1376.0,1179.9860168663017,394.0,721.5,1049.0,1867.0,2685.0,3.0,16.0,0.0,16.0,16.0,16.0,16.0,16.0
English Bitter,3.0,228.66666666666666,193.89773937138443,61.0,122.5,184.0,312.5,441.0,3.0,1734.0,300.98006578509484,1514.0,1562.5,1611.0,1844.0,2077.0,3.0,0.044333333333333336,0.004509249752822895,0.04,0.041999999999999996,0.044,0.0465,0.049,3.0,30.666666666666668,5.507570547286101,27.0,27.5,28.0,32.5,37.0,3.0,928.3333333333334,1045.7099661633397,19.0,357.0,695.0,1383.0,2071.0,3.0,14.666666666666666,2.3094010767585034,12.0,14.0,16.0,16.0,16.0
English Brown Ale,18.0,204.94444444444446,168.64772620926604,0.0,67.25,174.5,277.0,547.0,18.0,1343.9444444444443,657.9226194641848,81.0,977.0,1459.5,1818.75,2293.0,18.0,0.05438888888888891,0.007138453357686753,0.045,0.04925,0.0535,0.05575,0.069,10.0,23.2,7.927448797970533,15.0,19.25,20.5,24.25,40.0,18.0,1483.388888888889,783.9183735184864,337.0,799.75,1656.5,1981.0,2690.0,18.0,13.777777777777779,3.1352935045186956,12.0,12.0,12.0,16.0,24.0
English Dark Mild Ale,6.0,296.5,171.41265997586058,165.0,168.75,209.5,434.0,531.0,6.0,880.0,422.3088916894836,370.0,575.75,839.5,1161.0,1475.0,4.0,0.0415,0.00404145188432738,0.038,0.03875,0.0405,0.043250000000000004,0.047,2.0,22.0,5.656854249492381,18.0,20.0,22.0,24.0,26.0,6.0,1094.6666666666667,848.8431343108495,439.0,455.75,676.0,1741.5,2298.0,6.0,13.333333333333334,2.065591117977289,12.0,12.0,12.0,15.0,16.0
English India Pale Ale (IPA),13.0,284.7692307692308,137.75349593032345,53.0,210.0,268.0,431.0,508.0,13.0,1078.5384615384614,753.17910833398,223.0,457.0,1007.0,1809.0,2139.0,12.0,0.06233333333333335,0.00803778953481992,0.044,0.058499999999999996,0.063,0.0685,0.071,7.0,54.714285714285715,19.830231850336375,40.0,43.0,47.0,58.0,94.0,13.0,1434.1538461538462,636.6850145027034,530.0,849.0,1362.0,1926.0,2558.0,13.0,13.538461538461538,2.0254787341673333,12.0,12.0,12.0,16.0,16.0
English Pale Ale,12.0,349.25,136.0956381640232,128.0,298.0,329.5,481.0,557.0,12.0,1023.5833333333334,799.040840728129,58.0,259.0,988.5,1724.25,2324.0,12.0,0.052333333333333336,0.003821787619172552,0.045,0.05,0.0525,0.055,0.059,5.0,31.4,9.476286192385707,17.0,30.0,30.0,40.0,40.0,12.0,664.6666666666666,662.815390907787,30.0,113.75,448.5,1095.0,1763.0,12.0,13.0,1.8090680674665818,12.0,12.0,12.0,13.0,16.0
English Pale Mild Ale,3.0,385.6666666666667,88.91194145520237,283.0,360.0,437.0,437.0,437.0,3.0,541.0,142.03168660548954,458.0,459.0,460.0,582.5,705.0,3.0,0.04666666666666667,0.0028867513459481316,0.045,0.045,0.045,0.0475,0.05,1.0,16.0,,16.0,16.0,16.0,16.0,16.0,3.0,989.6666666666666,804.3707685721389,328.0,542.0,756.0,1320.5,1885.0,3.0,12.0,0.0,12.0,12.0,12.0,12.0,12.0
English Stout,2.0,148.5,23.33452377915607,132.0,140.25,148.5,156.75,165.0,2.0,1644.5,993.4850275670992,942.0,1293.25,1644.5,1995.75,2347.0,1.0,0.08,,0.08,0.08,0.08,0.08,0.08,1.0,66.0,,66.0,66.0,66.0,66.0,66.0,2.0,1393.0,1344.9170978168133,442.0,917.5,1393.0,1868.5,2344.0,2.0,14.0,2.8284271247461903,12.0,13.0,14.0,15.0,16.0
English Strong Ale,4.0,297.75,187.99711877224786,27.0,258.75,352.0,391.0,460.0,4.0,304.25,394.34196243024064,31.0,48.25,155.0,411.0,876.0,4.0,0.08175,0.0076757192931129715,0.072,0.078,0.0825,0.08625000000000001,0.09,3.0,54.0,5.291502622129181,50.0,51.0,52.0,56.0,60.0,4.0,1299.75,719.2720278170144,531.0,878.25,1225.0,1646.5,2218.0,4.0,13.0,2.0,12.0,12.0,12.0,13.0,16.0
Euro Dark Lager,5.0,219.0,138.44132331063582,82.0,116.0,165.0,342.0,390.0,5.0,1057.8,536.5344350551976,198.0,944.0,1154.0,1446.0,1547.0,5.0,0.0526,0.006426507605223852,0.042,0.051,0.056,0.057,0.057,4.0,27.0,12.110601416389967,19.0,20.5,22.0,28.5,45.0,5.0,1562.0,677.7252393116255,440.0,1527.0,1678.0,1978.0,2187.0,5.0,13.6,2.1908902300206643,12.0,12.0,12.0,16.0,16.0
Euro Pale Lager,2.0,254.5,180.31222920256963,127.0,190.75,254.5,318.25,382.0,2.0,503.5,270.82189719444773,312.0,407.75,503.5,599.25,695.0,2.0,0.056499999999999995,0.004949747468305832,0.053,0.05475,0.056499999999999995,0.058249999999999996,0.06,1.0,22.0,,22.0,22.0,22.0,22.0,22.0,2.0,1958.0,584.0702012600883,1545.0,1751.5,1958.0,2164.5,2371.0,2.0,12.0,0.0,12.0,12.0,12.0,12.0,12.0
Extra Special / Strong Bitter (ESB),20.0,227.45,161.03660093936801,0.0,71.5,237.0,380.0,531.0,20.0,1105.8,780.6567815156133,188.0,309.5,816.5,1967.5,2132.0,19.0,0.05647368421052632,0.0064149861093868105,0.045,0.053,0.056,0.058499999999999996,0.072,14.0,45.714285714285715,15.823198993048985,30.0,37.0,41.0,48.5,93.0,20.0,1513.1,725.9066853180743,68.0,906.0,1572.5,1968.25,2687.0,20.0,13.2,1.880649383926509,12.0,12.0,12.0,16.0,16.0
Flanders Oud Bruin,1.0,25.0,,25.0,25.0,25.0,25.0,25.0,1.0,2050.0,,2050.0,2050.0,2050.0,2050.0,2050.0,1.0,0.063,,0.063,0.063,0.063,0.063,0.063,1.0,23.0,,23.0,23.0,23.0,23.0,23.0,1.0,1366.0,,1366.0,1366.0,1366.0,1366.0,1366.0,1.0,16.0,,16.0,16.0,16.0,16.0,16.0
Flanders Red Ale,1.0,204.0,,204.0,204.0,204.0,204.0,204.0,1.0,1036.0,,1036.0,1036.0,1036.0,1036.0,1036.0,1.0,0.083,,0.083,0.083,0.083,0.083,0.083,0.0,,,,,,,,1.0,2179.0,,2179.0,2179.0,2179.0,2179.0,2179.0,1.0,19.2,,19.2,19.2,19.2,19.2,19.2
Foreign / Export Stout,6.0,154.66666666666666,113.64799455629063,12.0,67.75,154.5,245.75,292.0,6.0,1425.1666666666667,924.3545676128109,206.0,687.5,1901.0,1952.75,2290.0,6.0,0.069,0.011171392035015154,0.054,0.062,0.0685,0.07725,0.083,3.0,38.666666666666664,10.263202878893768,30.0,33.0,36.0,43.0,50.0,6.0,899.5,703.83144288956,46.0,614.75,785.5,998.25,2153.0,6.0,12.0,0.0,12.0,12.0,12.0,12.0,12.0
Fruit / Vegetable Beer,49.0,239.30612244897958,154.31734133510298,10.0,92.0,268.0,368.0,533.0,49.0,1043.4489795918366,670.0304427544221,25.0,586.0,1013.0,1325.0,2327.0,49.0,0.05246938775510204,0.009641710690225753,0.032,0.048,0.051,0.056,0.082,30.0,14.2,5.108478415745528,5.0,10.0,15.5,18.0,24.0,49.0,1484.0,733.2766928883894,9.0,802.0,1585.0,2015.0,2622.0,49.0,13.46938775510204,2.4074713637646727,12.0,12.0,12.0,16.0,24.0
German Pilsener,36.0,259.97222222222223,179.4556031225091,1.0,68.5,278.5,397.25,555.0,36.0,1269.4722222222222,667.2191538065654,73.0,736.25,1347.0,1849.5,2260.0,36.0,0.050916666666666666,0.007267835205302096,0.042,0.047,0.05,0.054,0.086,17.0,34.1764705882353,10.572578293146186,16.0,25.0,35.0,42.0,52.0,36.0,1217.1944444444443,788.0773283103794,21.0,533.5,1211.0,1766.25,2682.0,36.0,13.222222222222221,1.8687063686046264,12.0,12.0,12.0,16.0,16.0
Gose,10.0,157.2,149.65723801035782,41.0,48.75,99.5,171.0,461.0,10.0,1216.7,892.9018920849529,101.0,281.0,1452.5,1827.75,2339.0,10.0,0.04409999999999999,0.0050431471655438855,0.035,0.042,0.043,0.0475,0.052,7.0,9.428571428571429,3.9096949095440023,5.0,6.5,10.0,11.0,16.0,10.0,2105.3,527.2197623171743,1172.0,1808.75,2330.5,2499.25,2584.0,10.0,13.2,1.9321835661585918,12.0,12.0,12.0,15.0,16.0
Grisette,1.0,371.0,,371.0,371.0,371.0,371.0,371.0,1.0,1900.0,,1900.0,1900.0,1900.0,1900.0,1900.0,1.0,0.056,,0.056,0.056,0.056,0.056,0.056,1.0,25.0,,25.0,25.0,25.0,25.0,25.0,1.0,1363.0,,1363.0,1363.0,1363.0,1363.0,1363.0,1.0,12.0,,12.0,12.0,12.0,12.0,12.0
Hefeweizen,40.0,290.175,177.23935539987752,30.0,125.0,294.0,450.75,556.0,40.0,1290.325,586.06070340616,204.0,902.0,1210.0,1706.25,2359.0,39.0,0.05146153846153846,0.005452407260951008,0.041,0.049,0.05,0.0545,0.07,27.0,17.59259259259259,7.894785324987332,8.0,12.5,15.0,18.0,42.0,40.0,1250.675,801.5773356326886,22.0,511.0,1233.5,1836.25,2551.0,40.0,13.1,2.3944379994757297,12.0,12.0,12.0,12.0,24.0
Herbed / Spiced Beer,9.0,213.88888888888889,177.2346216491324,30.0,44.0,212.0,350.0,530.0,9.0,1377.3333333333333,701.861987858012,468.0,666.0,1722.0,1798.0,2334.0,9.0,0.06244444444444445,0.014586904324694042,0.045,0.052,0.058,0.066,0.09,5.0,22.2,9.959919678390985,15.0,15.0,15.0,31.0,35.0,9.0,1266.4444444444443,820.9793102007978,27.0,609.0,1554.0,1804.0,2439.0,9.0,12.88888888888889,1.7638342073763935,12.0,12.0,12.0,12.0,16.0
Irish Dry Stout,5.0,357.8,209.5547661113915,25.0,281.0,453.0,499.0,531.0,5.0,1239.6,910.1638863413556,332.0,706.0,733.0,2053.0,2374.0,4.0,0.055999999999999994,0.012832251036613436,0.04,0.0505,0.056499999999999995,0.062,0.071,3.0,38.666666666666664,14.571661996262929,27.0,30.5,34.0,44.5,55.0,5.0,1100.8,533.6512906383717,447.0,826.0,1128.0,1213.0,1890.0,5.0,15.2,1.7888543819998317,12.0,16.0,16.0,16.0,16.0
Irish Red Ale,12.0,335.4166666666667,128.85683269944724,17.0,299.25,365.0,433.25,453.0,12.0,1384.9166666666667,591.7446406153331,384.0,968.25,1421.5,1854.0,2193.0,12.0,0.05233333333333334,0.0038455011101128024,0.045,0.05,0.0525,0.05425,0.058,8.0,28.0,8.298020417975776,21.0,22.0,26.5,30.0,46.0,12.0,1073.25,541.5969861941123,189.0,797.75,1007.0,1387.0,1913.0,12.0,14.0,2.088931871468374,12.0,12.0,14.0,16.0,16.0
Keller Bier / Zwickel Bier,3.0,82.33333333333333,92.85652014443214,2.0,31.5,61.0,122.5,184.0,3.0,1571.6666666666667,484.49182999647513,1118.0,1316.5,1515.0,1798.5,2082.0,3.0,0.050333333333333334,0.0020816659994661304,0.048,0.0495,0.051,0.0515,0.052,3.0,24.333333333333332,9.291573243177568,18.0,19.0,20.0,27.5,35.0,3.0,1585.6666666666667,1394.096242493083,14.0,1042.0,2070.0,2371.5,2673.0,3.0,14.666666666666666,2.3094010767585034,12.0,14.0,16.0,16.0,16.0
Kristalweizen,1.0,36.0,,36.0,36.0,36.0,36.0,36.0,1.0,791.0,,791.0,791.0,791.0,791.0,791.0,1.0,0.045,,0.045,0.045,0.045,0.045,0.045,0.0,,,,,,,,1.0,2591.0,,2591.0,2591.0,2591.0,2591.0,2591.0,1.0,12.0,,12.0,12.0,12.0,12.0,12.0
Kölsch,42.0,250.47619047619048,165.68059752092174,3.0,126.5,234.0,400.75,553.0,42.0,1047.452380952381,637.7179284085598,55.0,597.5,890.0,1587.5,2397.0,42.0,0.048952380952380956,0.004299474618796711,0.032,0.047,0.05,0.050749999999999997,0.06,27.0,21.77777777777778,5.733392963315429,11.0,17.0,22.0,27.5,32.0,42.0,1381.9285714285713,750.3771862222274,92.0,714.25,1409.0,1968.75,2662.0,42.0,13.333333333333334,1.908474894454792,12.0,12.0,12.0,16.0,16.0
Light Lager,12.0,230.08333333333334,122.36789413547785,129.0,140.75,166.0,299.0,507.0,12.0,1378.3333333333333,424.00521723491124,623.0,1292.75,1391.5,1566.25,2027.0,12.0,0.04041666666666666,0.0045016831868926,0.032,0.03775,0.0405,0.04275,0.048,3.0,11.666666666666666,1.5275252316519468,10.0,11.0,12.0,12.5,13.0,12.0,1661.4166666666667,801.2066420926211,326.0,958.75,2127.5,2290.75,2358.0,12.0,12.666666666666666,1.5569978883230458,12.0,12.0,12.0,12.0,16.0
Low Alcohol Beer,1.0,522.0,,522.0,522.0,522.0,522.0,522.0,1.0,2266.0,,2266.0,2266.0,2266.0,2266.0,2266.0,1.0,0.001,,0.001,0.001,0.001,0.001,0.001,0.0,,,,,,,,1.0,606.0,,606.0,606.0,606.0,606.0,606.0,1.0,16.0,,16.0,16.0,16.0,16.0,16.0
Maibock / Helles Bock,5.0,318.6,217.16422357285282,83.0,126.0,309.0,530.0,545.0,5.0,1538.2,715.5383986901053,464.0,1189.0,1846.0,1930.0,2262.0,4.0,0.05925,0.008539125638299666,0.047,0.056749999999999995,0.062,0.0645,0.066,2.0,27.5,3.5355339059327378,25.0,26.25,27.5,28.75,30.0,5.0,1272.6,864.6006592641484,392.0,504.0,1181.0,1919.0,2367.0,5.0,13.6,2.1908902300206643,12.0,12.0,12.0,16.0,16.0
Mead,5.0,421.4,0.5477225575051662,421.0,421.0,421.0,422.0,422.0,5.0,1144.8,764.347237844162,307.0,308.0,1702.0,1703.0,1704.0,5.0,0.0716,0.011502173707608492,0.059,0.059,0.08,0.08,0.08,0.0,,,,,,,,5.0,1373.0,1.5811388300841898,1371.0,1372.0,1373.0,1374.0,1375.0,5.0,14.4,2.1908902300206643,12.0,12.0,16.0,16.0,16.0
Milk / Sweet Stout,10.0,200.6,188.48589690831867,0.0,45.0,186.0,298.75,556.0,10.0,1534.8,720.9140494307672,71.0,1440.0,1705.5,2088.75,2208.0,10.0,0.054299999999999994,0.009310090105781885,0.049,0.05,0.05,0.05225,0.077,6.0,25.166666666666668,4.490731195102493,20.0,21.25,25.5,29.0,30.0,10.0,1308.9,1001.6913973652544,50.0,463.5,1350.0,1902.0,2691.0,10.0,14.4,2.0655911179772892,12.0,12.0,16.0,16.0,16.0
Munich Dunkel Lager,4.0,184.5,124.87193439680512,107.0,120.5,130.0,194.0,371.0,4.0,1267.0,692.287031030723,345.0,945.0,1408.0,1730.0,1907.0,4.0,0.055,0.004966554808583779,0.049,0.052,0.0555,0.0585,0.06,3.0,20.333333333333332,5.033222956847166,15.0,18.0,21.0,23.0,25.0,4.0,1057.25,707.6531047530751,23.0,893.75,1323.0,1486.5,1560.0,4.0,13.0,2.0,12.0,12.0,12.0,13.0,16.0
Munich Helles Lager,20.0,276.55,160.58985843314935,34.0,144.0,248.0,388.25,525.0,20.0,1047.35,701.9499363614864,155.0,517.25,867.0,1672.5,2376.0,20.0,0.04970000000000002,0.006697210731263231,0.042,0.045,0.0475,0.0515,0.069,12.0,17.916666666666668,3.5537005893558162,12.0,17.0,18.0,18.0,27.0,20.0,1195.95,747.499654990239,33.0,575.25,1071.0,1794.5,2524.0,20.0,12.6,1.465390194130093,12.0,12.0,12.0,12.0,16.0
Märzen / Oktoberfest,30.0,210.46666666666667,139.3763778860811,25.0,96.5,154.0,354.75,479.0,30.0,1389.0666666666666,614.2780418049128,168.0,982.5,1414.5,1920.0,2342.0,29.0,0.057724137931034494,0.005939555970201199,0.048,0.055,0.057,0.059,0.077,21.0,22.904761904761905,6.323802352262142,12.0,21.0,23.0,25.0,40.0,30.0,1292.0333333333333,685.8693694531219,166.0,622.75,1407.5,1640.25,2461.0,30.0,13.466666666666667,1.9605300714142433,12.0,12.0,12.0,16.0,16.0
Oatmeal Stout,18.0,221.33333333333334,188.29638714474768,10.0,57.25,171.0,423.25,542.0,18.0,1053.111111111111,912.7520692221306,5.0,158.0,748.5,2053.75,2367.0,18.0,0.05966666666666667,0.008492210964102548,0.047,0.055,0.057,0.06225,0.077,11.0,28.09090909090909,13.20192823381907,13.0,16.5,29.0,36.5,54.0,18.0,1368.6666666666667,774.541913953395,311.0,740.75,1230.0,2136.5,2616.0,18.0,14.0,2.0579830217101063,12.0,12.0,14.0,16.0,16.0
Old Ale,2.0,62.0,79.19595949289332,6.0,34.0,62.0,90.0,118.0,2.0,1454.5,714.8849557795995,949.0,1201.75,1454.5,1707.25,1960.0,2.0,0.07949999999999999,0.010606601717798213,0.072,0.07575,0.07949999999999999,0.08324999999999999,0.087,1.0,40.0,,40.0,40.0,40.0,40.0,40.0,2.0,1829.5,1158.9480143647513,1010.0,1419.75,1829.5,2239.25,2649.0,2.0,12.0,0.0,12.0,12.0,12.0,12.0,12.0
Other,1.0,103.0,,103.0,103.0,103.0,103.0,103.0,1.0,216.0,,216.0,216.0,216.0,216.0,216.0,1.0,0.048,,0.048,0.048,0.048,0.048,0.048,1.0,16.0,,16.0,16.0,16.0,16.0,16.0,1.0,2419.0,,2419.0,2419.0,2419.0,2419.0,2419.0,1.0,12.0,,12.0,12.0,12.0,12.0,12.0
Pumpkin Ale,23.0,241.91304347826087,145.07080185001774,0.0,134.5,295.0,361.0,442.0,23.0,1378.1304347826087,778.1439633306836,74.0,744.5,1496.0,2063.5,2403.0,23.0,0.05843478260869563,0.012702276413578652,0.045,0.05,0.055,0.0605,0.099,11.0,24.818181818181817,12.63976409446143,10.0,18.5,20.0,31.5,48.0,23.0,1501.3478260869565,627.2856829732694,334.0,1029.5,1563.0,1877.0,2689.0,23.0,13.565217391304348,1.9960435173913813,12.0,12.0,12.0,16.0,16.0
Quadrupel (Quad),4.0,24.0,19.339079605813716,10.0,10.0,17.5,31.5,51.0,4.0,1296.0,1010.4094879470073,412.0,430.75,1247.0,2112.25,2278.0,4.0,0.10400000000000001,0.01655294535724685,0.09,0.09675,0.099,0.10625000000000001,0.128,1.0,24.0,,24.0,24.0,24.0,24.0,24.0,4.0,1664.5,812.9721192431304,923.0,1005.5,1585.0,2244.0,2565.0,4.0,16.8,1.5999999999999996,16.0,16.0,16.0,16.8,19.2
Radler,3.0,225.33333333333334,125.87824805475064,80.0,188.0,296.0,298.0,300.0,3.0,1262.0,1014.1543275064205,355.0,714.5,1074.0,1715.5,2357.0,3.0,0.04033333333333333,0.011718930554164632,0.027,0.036,0.045,0.047,0.049,3.0,19.666666666666668,11.06044001535804,8.0,14.5,21.0,25.5,30.0,3.0,2050.0,374.1443571671234,1830.0,1834.0,1838.0,2160.0,2482.0,3.0,13.333333333333334,2.3094010767585034,12.0,12.0,12.0,14.0,16.0
Rauchbier,2.0,10.0,0.0,10.0,10.0,10.0,10.0,10.0,2.0,402.5,14.849242404917497,392.0,397.25,402.5,407.75,413.0,2.0,0.0605,0.01343502884254441,0.051,0.05575,0.0605,0.06525,0.07,0.0,,,,,,,,2.0,2324.5,316.07673119038674,2101.0,2212.75,2324.5,2436.25,2548.0,2.0,16.0,0.0,16.0,16.0,16.0,16.0,16.0
Roggenbier,2.0,211.0,274.35743110038044,17.0,114.0,211.0,308.0,405.0,2.0,1484.0,998.4347750354051,778.0,1131.0,1484.0,1837.0,2190.0,2.0,0.052500000000000005,0.003535533905932736,0.05,0.051250000000000004,0.052500000000000005,0.05375,0.055,1.0,20.0,,20.0,20.0,20.0,20.0,20.0,2.0,1635.0,257.3868683519033,1453.0,1544.0,1635.0,1726.0,1817.0,2.0,16.0,0.0,16.0,16.0,16.0,16.0,16.0
Russian Imperial Stout,11.0,221.63636363636363,202.94051972303248,6.0,21.0,166.0,390.5,503.0,11.0,1525.2727272727273,490.93545215416873,441.0,1427.5,1586.0,1760.5,2189.0,11.0,0.09763636363636362,0.009458041311738148,0.08,0.095,0.099,0.099,0.12,8.0,86.5,14.677485187475796,60.0,75.0,94.0,98.0,98.0,11.0,1294.6363636363637,848.9584527793186,8.0,803.5,1367.0,1648.5,2644.0,11.0,13.454545454545455,2.018099916438052,12.0,12.0,12.0,16.0,16.0
Rye Beer,18.0,158.38888888888889,154.545306088496,10.0,47.25,79.5,278.0,471.0,18.0,1015.5,775.844757819046,189.0,277.75,776.0,1809.5,2279.0,18.0,0.06705555555555558,0.01613717747104574,0.045,0.0585,0.063,0.0715,0.104,9.0,52.0,30.045798375147232,18.0,23.0,57.0,75.0,99.0,18.0,1615.3333333333333,833.440283333097,18.0,990.75,1781.0,2418.0,2620.0,18.0,15.733333333333333,2.838392254117689,12.0,16.0,16.0,16.0,24.0
Saison / Farmhouse Ale,52.0,197.05769230769232,149.56530653885056,1.0,49.75,177.0,294.75,477.0,52.0,1189.5961538461538,746.7716468465688,10.0,425.0,1283.0,1916.75,2385.0,52.0,0.06144230769230767,0.011349032024955658,0.042,0.0545,0.06,0.06625,0.09,23.0,28.391304347826086,6.485922731261092,20.0,20.0,30.0,34.5,38.0,52.0,1645.9038461538462,710.7002142216654,13.0,1167.0,1677.0,2276.25,2677.0,52.0,13.846153846153847,2.436524488633431,12.0,12.0,12.0,16.0,24.0
Schwarzbier,9.0,381.3333333333333,121.04234796136433,159.0,326.0,413.0,428.0,530.0,9.0,1056.4444444444443,917.3700331806015,160.0,325.0,469.0,1822.0,2407.0,9.0,0.053777777777777785,0.0177537163558632,0.04,0.046,0.05,0.052,0.099,4.0,31.0,6.831300510639732,24.0,27.0,30.0,34.0,40.0,9.0,754.8888888888889,652.5692385571903,26.0,340.0,620.0,1097.0,1964.0,9.0,12.88888888888889,1.7638342073763935,12.0,12.0,12.0,12.0,16.0
Scotch Ale / Wee Heavy,15.0,194.2,194.86522815232362,15.0,25.0,148.0,330.0,510.0,15.0,1430.5333333333333,645.9438129774211,336.0,861.5,1522.0,2038.5,2371.0,15.0,0.07626666666666666,0.012079892777827521,0.053,0.0675,0.08,0.086,0.09,13.0,24.23076923076923,10.457484131423502,11.0,20.0,23.0,30.0,50.0,15.0,1545.3333333333333,741.3182916425369,85.0,1010.0,1727.0,2081.5,2625.0,15.0,14.666666666666666,1.9518001458970664,12.0,12.0,16.0,16.0,16.0
Scottish Ale,19.0,288.7368421052632,190.48004914637917,25.0,122.0,315.0,464.5,537.0,19.0,1353.8947368421052,474.5394135061494,562.0,1007.0,1528.0,1594.5,2067.0,18.0,0.06633333333333334,0.014868047065079252,0.045,0.054,0.059,0.08,0.095,11.0,26.90909090909091,7.980658437178544,16.0,20.0,23.0,35.0,35.0,19.0,896.0,635.6175474817122,5.0,356.0,787.0,1184.0,2215.0,19.0,13.473684210526315,1.9823785111334087,12.0,12.0,12.0,16.0,16.0
Shandy,3.0,369.0,92.60129588726068,299.0,316.5,334.0,404.0,474.0,3.0,1887.3333333333333,518.5020089964294,1289.0,1728.5,2168.0,2186.5,2205.0,3.0,0.04533333333333334,0.004163331998932266,0.042,0.043,0.044,0.047,0.05,0.0,,,,,,,,3.0,1372.6666666666667,352.69864379287503,1027.0,1193.0,1359.0,1545.5,1732.0,3.0,13.333333333333334,2.3094010767585034,12.0,12.0,12.0,14.0,16.0
Smoked Beer,1.0,29.0,,29.0,29.0,29.0,29.0,29.0,1.0,568.0,,568.0,568.0,568.0,568.0,568.0,1.0,0.051,,0.051,0.051,0.051,0.051,0.051,1.0,35.0,,35.0,35.0,35.0,35.0,35.0,1.0,1584.0,,1584.0,1584.0,1584.0,1584.0,1584.0,1.0,16.0,,16.0,16.0,16.0,16.0,16.0
Tripel,11.0,155.45454545454547,159.17748812967469,6.0,27.5,64.0,339.0,368.0,11.0,1155.4545454545455,840.5712776006998,20.0,439.0,999.0,1999.5,2312.0,11.0,0.08681818181818181,0.004377629080179857,0.082,0.0825,0.085,0.091,0.092,4.0,23.5,12.871156384205214,5.0,20.0,27.5,31.0,34.0,11.0,1557.6363636363637,772.415985428483,537.0,941.0,1570.0,2153.0,2646.0,11.0,14.990909090909092,3.6552577324874216,12.0,12.0,16.0,16.0,24.0
Vienna Lager,20.0,296.25,134.294991480852,51.0,192.0,300.0,370.25,498.0,20.0,1111.3,779.4016665973564,110.0,362.25,966.0,1934.0,2292.0,20.0,0.05105000000000002,0.0034408536272574164,0.046,0.04875,0.05,0.05275,0.06,14.0,24.357142857142858,5.555415138640618,15.0,20.5,23.5,29.5,33.0,20.0,832.75,528.958447776084,63.0,444.75,788.0,1223.75,2226.0,20.0,13.0,1.7770466332772772,12.0,12.0,12.0,13.0,16.0
Wheat Ale,1.0,3.0,,3.0,3.0,3.0,3.0,3.0,1.0,1337.0,,1337.0,1337.0,1337.0,1337.0,1337.0,1.0,0.06,,0.06,0.06,0.06,0.06,0.06,1.0,24.0,,24.0,24.0,24.0,24.0,24.0,1.0,2666.0,,2666.0,2666.0,2666.0,2666.0,2666.0,1.0,16.0,,16.0,16.0,16.0,16.0,16.0
Winter Warmer,15.0,221.73333333333332,130.5813740090647,30.0,115.5,179.0,362.0,371.0,15.0,1073.0666666666666,777.6874571139623,22.0,446.0,1102.0,1843.0,2287.0,15.0,0.07039999999999999,0.011586938459193733,0.055,0.063,0.069,0.079,0.095,8.0,24.625,13.835126102992856,6.0,16.0,22.0,30.0,45.0,15.0,1426.9333333333334,610.8121603554526,321.0,974.5,1588.0,1896.0,2255.0,15.0,13.066666666666666,1.830950832868254,12.0,12.0,12.0,14.0,16.0
Witbier,51.0,257.4901960784314,164.65932983575752,7.0,122.0,284.0,377.0,535.0,51.0,1175.3529411764705,670.239832404175,126.0,591.5,1109.0,1716.0,2366.0,49.0,0.05355102040816325,0.011187904973098172,0.037,0.048,0.05,0.056,0.092,24.0,16.208333333333332,4.809222721854937,10.0,12.75,15.5,20.0,27.0,51.0,1331.137254901961,764.1905788377097,108.0,656.0,1241.0,1990.0,2525.0,51.0,13.333333333333334,1.9043809142780932,12.0,12.0,12.0,16.0,16.0
